{
    "H@1": 0.1921968142284765,
    "H@3": 0.28823414443467216,
    "H@10": 0.4106566989152741,
    "MR": 465.5648881071045,
    "MRR": 0.26515129782655006,
    "Number_param": 1891840,
    "epochs": 100,
    "batch_size": 512,
    "label_smoothing": 0.3,
    "learning_rate": 0.01,
    "embedding_dim": 64,
    "dropout": 0.3,
    "path_dataset_folder": "data/",
    "dataset": "FB15k-237",
    "mode": "train",
    "num_entities": 14541,
    "num_relations": 237
}