{
    "H@1": 0.16747288185282908,
    "H@3": 0.2546662757744552,
    "H@10": 0.3605247727939021,
    "MR": 1124.7024333040165,
    "MRR": 0.23255451277027234,
    "Number_param": 1891840,
    "epochs": 20,
    "batch_size": 512,
    "label_smoothing": 0.3,
    "learning_rate": 0.01,
    "embedding_dim": 64,
    "dropout": 0.3,
    "path_dataset_folder": "data/",
    "dataset": "FB15k-237",
    "mode": "train",
    "num_entities": 14541,
    "num_relations": 237
}